"Timestamp","Total score","  Consent to Participate  ","  Consent to Participate   [Score]","  Consent to Participate   [Feedback]","Please create a unique participant code using the following format:
  last 2 digits of phone number + birth month + first letter of mother's first name  
(e.g., 45 + 07 + C → 4507C )
Use the same code in all questionnaires.","Please create a unique participant code using the following format:
  last 2 digits of phone number + birth month + first letter of mother's first name  
(e.g., 45 + 07 + C → 4507C )
Use the same code in all questionnaires. [Score]","Please create a unique participant code using the following format:
  last 2 digits of phone number + birth month + first letter of mother's first name  
(e.g., 45 + 07 + C → 4507C )
Use the same code in all questionnaires. [Feedback]","1. What is your academic field ?","1. What is your academic field ? [Score]","1. What is your academic field ? [Feedback]"," 2. How would you rate your programming experience?  "," 2. How would you rate your programming experience?   [Score]"," 2. How would you rate your programming experience?   [Feedback]","3. How would you rate your current experience with software testing concepts and practices?","3. How would you rate your current experience with software testing concepts and practices? [Score]","3. How would you rate your current experience with software testing concepts and practices? [Feedback]","4.  How would you rate your debugging experience?  ","4.  How would you rate your debugging experience?   [Score]","4.  How would you rate your debugging experience?   [Feedback]","5.Have you previously used software testing tools or frameworks (e.g., Selenium, JUnit, Cypress)?","5.Have you previously used software testing tools or frameworks (e.g., Selenium, JUnit, Cypress)? [Score]","5.Have you previously used software testing tools or frameworks (e.g., Selenium, JUnit, Cypress)? [Feedback]","6. A program is supposed to compute the sum of two numbers. For input (2, 3), it returns 6.
 
What are you doing when you notice this problem?  ","6. A program is supposed to compute the sum of two numbers. For input (2, 3), it returns 6.
 
What are you doing when you notice this problem?   [Score]","6. A program is supposed to compute the sum of two numbers. For input (2, 3), it returns 6.
 
What are you doing when you notice this problem?   [Feedback]","7. After detecting the issue, you inspect the code and find:  
 
return a + b + 1;
What are you doing now?","7. After detecting the issue, you inspect the code and find:  
 
return a + b + 1;
What are you doing now? [Score]","7. After detecting the issue, you inspect the code and find:  
 
return a + b + 1;
What are you doing now? [Feedback]","8. Which scenario represents unit testing?  ","8. Which scenario represents unit testing?   [Score]","8. Which scenario represents unit testing?   [Feedback]","9. Which scenario represents integration testing?  ","9. Which scenario represents integration testing?   [Score]","9. Which scenario represents integration testing?   [Feedback]","10. A tester checks an ATM by inserting a card and entering a PIN, without knowing how the system is implemented.
What type of testing is this?","10. A tester checks an ATM by inserting a card and entering a PIN, without knowing how the system is implemented.
What type of testing is this? [Score]","10. A tester checks an ATM by inserting a card and entering a PIN, without knowing how the system is implemented.
What type of testing is this? [Feedback]","11. Which activity represents white-box testing?  ","11. Which activity represents white-box testing?   [Score]","11. Which activity represents white-box testing?   [Feedback]","12. Which example represents functional testing?  ","12. Which example represents functional testing?   [Score]","12. Which example represents functional testing?   [Feedback]","13. A testing technique intentionally introduces faults into the code to check whether existing tests can detect them. 
What concept does this represent?","13. A testing technique intentionally introduces faults into the code to check whether existing tests can detect them. 
What concept does this represent? [Score]","13. A testing technique intentionally introduces faults into the code to check whether existing tests can detect them. 
What concept does this represent? [Feedback]","14. Consider the following code: 
int sum(int a, int b) {
    return a - b;
}
Which valid test case is most effective at revealing the bug?","14. Consider the following code: 
int sum(int a, int b) {
    return a - b;
}
Which valid test case is most effective at revealing the bug? [Score]","14. Consider the following code: 
int sum(int a, int b) {
    return a - b;
}
Which valid test case is most effective at revealing the bug? [Feedback]","15. A test case fails after a recent code change. What is the most appropriate first step?","15. A test case fails after a recent code change. What is the most appropriate first step? [Score]","15. A test case fails after a recent code change. What is the most appropriate first step? [Feedback]","16. If all tests pass but the system still contains a bug, what does it indicate? ","16. If all tests pass but the system still contains a bug, what does it indicate?  [Score]","16. If all tests pass but the system still contains a bug, what does it indicate?  [Feedback]","17.  Please indicate your level of agreement with the following statements: [I understand the basic concepts of software testing and debugging]","17.  Please indicate your level of agreement with the following statements: [I understand the basic concepts of software testing and debugging] [Score]","17.  Please indicate your level of agreement with the following statements: [I can write a simple test case.]","17.  Please indicate your level of agreement with the following statements: [I can write a simple test case.] [Score]","17.  Please indicate your level of agreement with the following statements: [I can identify and debug software errors.]","17.  Please indicate your level of agreement with the following statements: [I can identify and debug software errors.] [Score]","17.  Please indicate your level of agreement with the following statements: [I feel confident analyzing test failures.]","17.  Please indicate your level of agreement with the following statements: [I feel confident analyzing test failures.] [Score]"
"2026/05/18 2:20:07 PM GMT+1","0.00 / 0","I voluntarily agree to participate in this study and understand that my responses are anonymous and will be used only for research purposes.","0.00 / 0","","0209E","-- / 0","","Other (please specify):","-- / 0","","Basic","-- / 0","","Basic","-- / 0","","Basic","-- / 0","","No experience","-- / 0","","Development","0.00 / 0","","Debugging","0.00 / 0","","Testing a single function in isolation from other components","0.00 / 0","","Testing interactions between components","0.00 / 0","","Black-box testing","0.00 / 0","","Testing without code access","0.00 / 0","","Checking system performance","0.00 / 0","","Regression testing","0.00 / 0","","assertEquals(2, sum(1,1))","0.00 / 0","","Investigate whether the failure is due to a bug in the code or the test","0.00 / 0","","The tests are not effective enough to detect the bug","0.00 / 0","","5 (Strongly agree)","0.00 / 0","2","-- / 0","2","-- / 0","2","-- / 0"
"2026/05/18 2:20:29 PM GMT+1","0.00 / 0","I voluntarily agree to participate in this study and understand that my responses are anonymous and will be used only for research purposes.","0.00 / 0","","3112M","-- / 0","","Computer Science / Software Engineering/ Computer Engineering","-- / 0","","Intermediate","-- / 0","","Basic","-- / 0","","Basic","-- / 0","","No experience","-- / 0","","Testing","0.00 / 0","","Debugging","0.00 / 0","","Testing a single function in isolation from other components","0.00 / 0","","Testing interactions between components","0.00 / 0","","Black-box testing","0.00 / 0","","Designing tests based on internal code logic","0.00 / 0","","Checking system performance","0.00 / 0","","Mutation testing","0.00 / 0","","assertEquals(2, sum(1,1))","0.00 / 0","","Investigate whether the failure is due to a bug in the code or the test","0.00 / 0","","The tests are not effective enough to detect the bug","0.00 / 0","","4","0.00 / 0","4","-- / 0","3 (Neutral)","-- / 0","4","-- / 0"
"2026/05/18 2:20:55 PM GMT+1","0.00 / 0","I voluntarily agree to participate in this study and understand that my responses are anonymous and will be used only for research purposes.","0.00 / 0","","9709C","-- / 0","","Computer Science / Software Engineering/ Computer Engineering","-- / 0","","Intermediate","-- / 0","","Intermediate","-- / 0","","Basic","-- / 0","","No experience","-- / 0","","Testing","0.00 / 0","","Debugging","0.00 / 0","","Testing a single function in isolation from other components","0.00 / 0","","Testing interactions between components","0.00 / 0","","Black-box testing","0.00 / 0","","Designing tests based on internal code logic","0.00 / 0","","Verifying that login works correctly","0.00 / 0","","Debugging","0.00 / 0","","assertEquals(1, sum(3,2))","0.00 / 0","","Investigate whether the failure is due to a bug in the code or the test","0.00 / 0","","The tests are not effective enough to detect the bug","0.00 / 0","","5 (Strongly agree)","0.00 / 0","5 (Strongly agree)","-- / 0","5 (Strongly agree)","-- / 0","5 (Strongly agree)","-- / 0"
"2026/05/18 2:21:19 PM GMT+1","0.00 / 0","I voluntarily agree to participate in this study and understand that my responses are anonymous and will be used only for research purposes.","0.00 / 0","","7012M","-- / 0","","Computer Science / Software Engineering/ Computer Engineering","-- / 0","","Intermediate","-- / 0","","Basic","-- / 0","","Basic","-- / 0","","No experience","-- / 0","","Compilation","0.00 / 0","","Debugging","0.00 / 0","","Testing a single function in isolation from other components","0.00 / 0","","Testing interactions between components","0.00 / 0","","Black-box testing","0.00 / 0","","Designing tests based on internal code logic","0.00 / 0","","Verifying that login works correctly","0.00 / 0","","Debugging","0.00 / 0","","assertEquals(0, sum(0,0))","0.00 / 0","","Investigate whether the failure is due to a bug in the code or the test","0.00 / 0","","The tests are not effective enough to detect the bug","0.00 / 0","","4","0.00 / 0","3 (Neutral)","-- / 0","4","-- / 0","4","-- / 0"
"2026/05/18 2:21:20 PM GMT+1","0.00 / 0","I voluntarily agree to participate in this study and understand that my responses are anonymous and will be used only for research purposes.","0.00 / 0","","4008A","-- / 0","","Computer Science / Software Engineering/ Computer Engineering","-- / 0","","Advanced","-- / 0","","Advanced","-- / 0","","Intermediate","-- / 0","","Yes, in personal/academic projects","-- / 0","","Compilation","0.00 / 0","","Debugging","0.00 / 0","","Testing a single function in isolation from other components","0.00 / 0","","Testing interactions between components","0.00 / 0","","Black-box testing","0.00 / 0","","Designing tests based on internal code logic","0.00 / 0","","Verifying that login works correctly","0.00 / 0","","Debugging","0.00 / 0","","assertEquals(0, sum(0,0))","0.00 / 0","","Investigate whether the failure is due to a bug in the code or the test","0.00 / 0","","The tests are not effective enough to detect the bug","0.00 / 0","","3 (Neutral)","0.00 / 0","4","-- / 0","4","-- / 0","4","-- / 0"
"2026/05/18 2:21:36 PM GMT+1","0.00 / 0","I voluntarily agree to participate in this study and understand that my responses are anonymous and will be used only for research purposes.","0.00 / 0","","2207M","-- / 0","","Computer Science / Software Engineering/ Computer Engineering","-- / 0","","Intermediate","-- / 0","","Basic","-- / 0","","Basic","-- / 0","","Yes, in coursework","-- / 0","","Debugging","0.00 / 0","","Integration testing","0.00 / 0","","Testing a single function in isolation from other components","0.00 / 0","","Testing interactions between components","0.00 / 0","","White-box testing","0.00 / 0","","Testing UI behavior","0.00 / 0","","Checking system performance","0.00 / 0","","Integration testing","0.00 / 0","","assertEquals(1, sum(3,2))","0.00 / 0","","Investigate whether the failure is due to a bug in the code or the test","0.00 / 0","","The tests are not effective enough to detect the bug","0.00 / 0","","3 (Neutral)","0.00 / 0","3 (Neutral)","-- / 0","4","-- / 0","3 (Neutral)","-- / 0"
"2026/05/18 2:22:19 PM GMT+1","0.00 / 0","I voluntarily agree to participate in this study and understand that my responses are anonymous and will be used only for research purposes.","0.00 / 0","","6012L","-- / 0","","Computer Science / Software Engineering/ Computer Engineering","-- / 0","","Intermediate","-- / 0","","Intermediate","-- / 0","","Basic","-- / 0","","No experience","-- / 0","","Testing","0.00 / 0","","Debugging","0.00 / 0","","Testing a single function in isolation from other components","0.00 / 0","","Testing interactions between components","0.00 / 0","","Black-box testing","0.00 / 0","","Designing tests based on internal code logic","0.00 / 0","","Verifying that login works correctly","0.00 / 0","","Regression testing","0.00 / 0","","assertEquals(1, sum(3,2))","0.00 / 0","","Investigate whether the failure is due to a bug in the code or the test","0.00 / 0","","The tests are not effective enough to detect the bug","0.00 / 0","","1 (Strongly disagree)","0.00 / 0","2","-- / 0","2","-- / 0","2","-- / 0"
"2026/05/18 2:22:27 PM GMT+1","0.00 / 0","I voluntarily agree to participate in this study and understand that my responses are anonymous and will be used only for research purposes.","0.00 / 0","","4309A","-- / 0","","Computer Science / Software Engineering/ Computer Engineering","-- / 0","","Basic","-- / 0","","Basic","-- / 0","","Basic","-- / 0","","No experience","-- / 0","","Testing","0.00 / 0","","Debugging","0.00 / 0","","Testing a single function in isolation from other components","0.00 / 0","","Testing interactions between components","0.00 / 0","","Black-box testing","0.00 / 0","","Designing tests based on internal code logic","0.00 / 0","","Testing security vulnerabilities","0.00 / 0","","Regression testing","0.00 / 0","","assertEquals(2, sum(1,1))","0.00 / 0","","Investigate whether the failure is due to a bug in the code or the test","0.00 / 0","","The tests are not effective enough to detect the bug","0.00 / 0","","3 (Neutral)","0.00 / 0","4","-- / 0","3 (Neutral)","-- / 0","4","-- / 0"
"2026/05/18 2:22:36 PM GMT+1","0.00 / 0","I voluntarily agree to participate in this study and understand that my responses are anonymous and will be used only for research purposes.","0.00 / 0","","8305J","-- / 0","","Computer Science / Software Engineering/ Computer Engineering","-- / 0","","Intermediate","-- / 0","","Basic","-- / 0","","Basic","-- / 0","","No experience","-- / 0","","Testing","0.00 / 0","","Testing","0.00 / 0","","Testing a single function in isolation from other components","0.00 / 0","","Testing interactions between components","0.00 / 0","","Black-box testing","0.00 / 0","","Designing tests based on internal code logic","0.00 / 0","","Checking system performance","0.00 / 0","","Mutation testing","0.00 / 0","","assertEquals(2, sum(1,1))","0.00 / 0","","Investigate whether the failure is due to a bug in the code or the test","0.00 / 0","","The compiler is incorrect","0.00 / 0","","3 (Neutral)","0.00 / 0","3 (Neutral)","-- / 0","3 (Neutral)","-- / 0","3 (Neutral)","-- / 0"
"2026/05/18 2:23:16 PM GMT+1","0.00 / 0","I voluntarily agree to participate in this study and understand that my responses are anonymous and will be used only for research purposes.","0.00 / 0","","2409A","-- / 0","","Computer Science / Software Engineering/ Computer Engineering","-- / 0","","Intermediate","-- / 0","","Basic","-- / 0","","Intermediate","-- / 0","","Yes, in coursework","-- / 0","","Debugging","0.00 / 0","","Execution","0.00 / 0","","Testing a single function in isolation from other components","0.00 / 0","","Testing interactions between components","0.00 / 0","","Black-box testing","0.00 / 0","","Designing tests based on internal code logic","0.00 / 0","","Verifying that login works correctly","0.00 / 0","","Debugging","0.00 / 0","","assertEquals(2, sum(1,1))","0.00 / 0","","Investigate whether the failure is due to a bug in the code or the test","0.00 / 0","","The tests are not effective enough to detect the bug","0.00 / 0","","4","0.00 / 0","4","-- / 0","4","-- / 0","4","-- / 0"
"2026/05/18 2:23:21 PM GMT+1","0.00 / 0","I voluntarily agree to participate in this study and understand that my responses are anonymous and will be used only for research purposes.","0.00 / 0","","5512A","-- / 0","","Computer Science / Software Engineering/ Computer Engineering","-- / 0","","Intermediate","-- / 0","","Intermediate","-- / 0","","Intermediate","-- / 0","","No experience","-- / 0","","Debugging","0.00 / 0","","Debugging","0.00 / 0","","Testing a single function in isolation from other components","0.00 / 0","","Testing interactions between components","0.00 / 0","","Black-box testing","0.00 / 0","","Designing tests based on internal code logic","0.00 / 0","","Evaluating user interface design","0.00 / 0","","Mutation testing","0.00 / 0","","assertEquals(2, sum(1,1))","0.00 / 0","","Investigate whether the failure is due to a bug in the code or the test","0.00 / 0","","The tests are not effective enough to detect the bug","0.00 / 0","","4","0.00 / 0","5 (Strongly agree)","-- / 0","4","-- / 0","3 (Neutral)","-- / 0"
"2026/05/18 2:23:48 PM GMT+1","0.00 / 0","I voluntarily agree to participate in this study and understand that my responses are anonymous and will be used only for research purposes.","0.00 / 0","","2707I","-- / 0","","Computer Science / Software Engineering/ Computer Engineering","-- / 0","","Intermediate","-- / 0","","Basic","-- / 0","","Basic","-- / 0","","Yes, in personal/academic projects","-- / 0","","Debugging","0.00 / 0","","Integration testing","0.00 / 0","","Testing the full login system","0.00 / 0","","Testing UI design","0.00 / 0","","Black-box testing","0.00 / 0","","Testing UI behavior","0.00 / 0","","Checking system performance","0.00 / 0","","Mutation testing","0.00 / 0","","assertEquals(0, sum(0,0))","0.00 / 0","","Investigate whether the failure is due to a bug in the code or the test","0.00 / 0","","The tests are not effective enough to detect the bug","0.00 / 0","","3 (Neutral)","0.00 / 0","3 (Neutral)","-- / 0","5 (Strongly agree)","-- / 0","3 (Neutral)","-- / 0"
"2026/05/18 2:24:23 PM GMT+1","0.00 / 0","I voluntarily agree to participate in this study and understand that my responses are anonymous and will be used only for research purposes.","0.00 / 0","","8012M","-- / 0","","Computer Science / Software Engineering/ Computer Engineering","-- / 0","","Intermediate","-- / 0","","Intermediate","-- / 0","","Intermediate","-- / 0","","Yes, in personal/academic projects","-- / 0","","Debugging","0.00 / 0","","Testing","0.00 / 0","","Testing a single function in isolation from other components","0.00 / 0","","Testing interactions between components","0.00 / 0","","Black-box testing","0.00 / 0","","Designing tests based on internal code logic","0.00 / 0","","Evaluating user interface design","0.00 / 0","","Mutation testing","0.00 / 0","","assertEquals(2, sum(1,1))","0.00 / 0","","Investigate whether the failure is due to a bug in the code or the test","0.00 / 0","","The tests are not effective enough to detect the bug","0.00 / 0","","4","0.00 / 0","3 (Neutral)","-- / 0","4","-- / 0","3 (Neutral)","-- / 0"
"2026/05/18 2:24:40 PM GMT+1","0.00 / 0","I voluntarily agree to participate in this study and understand that my responses are anonymous and will be used only for research purposes.","0.00 / 0","","0004L","-- / 0","","Computer Science / Software Engineering/ Computer Engineering","-- / 0","","Basic","-- / 0","","Basic","-- / 0","","Basic","-- / 0","","No experience","-- / 0","","Testing","0.00 / 0","","Testing","0.00 / 0","","Testing a single function in isolation from other components","0.00 / 0","","Testing interactions between components","0.00 / 0","","Black-box testing","0.00 / 0","","Testing only inputs and outputs","0.00 / 0","","Verifying that login works correctly","0.00 / 0","","Mutation testing","0.00 / 0","","assertEquals(2, sum(1,1))","0.00 / 0","","Investigate whether the failure is due to a bug in the code or the test","0.00 / 0","","The tests are not effective enough to detect the bug","0.00 / 0","","3 (Neutral)","0.00 / 0","2","-- / 0","3 (Neutral)","-- / 0","3 (Neutral)","-- / 0"
"2026/05/18 2:24:48 PM GMT+1","0.00 / 0","I voluntarily agree to participate in this study and understand that my responses are anonymous and will be used only for research purposes.","0.00 / 0","","3011S","-- / 0","","Computer Science / Software Engineering/ Computer Engineering","-- / 0","","Intermediate","-- / 0","","Basic","-- / 0","","None","-- / 0","","Yes, in coursework","-- / 0","","Development","0.00 / 0","","Execution","0.00 / 0","","Testing a single function in isolation from other components","0.00 / 0","","Testing interactions between components","0.00 / 0","","Unit testing","0.00 / 0","","Testing without code access","0.00 / 0","","Checking system performance","0.00 / 0","","Mutation testing","0.00 / 0","","assertEquals(2, sum(1,1))","0.00 / 0","","Investigate whether the failure is due to a bug in the code or the test","0.00 / 0","","The tests are not effective enough to detect the bug","0.00 / 0","","2","0.00 / 0","4","-- / 0","3 (Neutral)","-- / 0","2","-- / 0"
"2026/05/18 2:24:52 PM GMT+1","0.00 / 0","I voluntarily agree to participate in this study and understand that my responses are anonymous and will be used only for research purposes.","0.00 / 0","","6002M","-- / 0","","Computer Science / Software Engineering/ Computer Engineering","-- / 0","","Basic","-- / 0","","Basic","-- / 0","","Basic","-- / 0","","No experience","-- / 0","","Debugging","0.00 / 0","","Execution","0.00 / 0","","Testing a single function in isolation from other components","0.00 / 0","","Testing interactions between components","0.00 / 0","","Black-box testing","0.00 / 0","","Designing tests based on internal code logic","0.00 / 0","","Checking system performance","0.00 / 0","","Mutation testing","0.00 / 0","","assertEquals(2, sum(1,1))","0.00 / 0","","Investigate whether the failure is due to a bug in the code or the test","0.00 / 0","","The tests are not effective enough to detect the bug","0.00 / 0","","3 (Neutral)","0.00 / 0","3 (Neutral)","-- / 0","4","-- / 0","3 (Neutral)","-- / 0"
"2026/05/18 2:25:37 PM GMT+1","0.00 / 0","I voluntarily agree to participate in this study and understand that my responses are anonymous and will be used only for research purposes.","0.00 / 0","","5630M","-- / 0","","Computer Science / Software Engineering/ Computer Engineering","-- / 0","","Basic","-- / 0","","Basic","-- / 0","","Basic","-- / 0","","No experience","-- / 0","","Testing","0.00 / 0","","Testing","0.00 / 0","","Testing a single function in isolation from other components","0.00 / 0","","Testing interactions between components","0.00 / 0","","White-box testing","0.00 / 0","","Designing tests based on internal code logic","0.00 / 0","","Verifying that login works correctly","0.00 / 0","","Mutation testing","0.00 / 0","","assertEquals(0, sum(0,0))","0.00 / 0","","Investigate whether the failure is due to a bug in the code or the test","0.00 / 0","","The tests are not effective enough to detect the bug","0.00 / 0","","3 (Neutral)","0.00 / 0","3 (Neutral)","-- / 0","3 (Neutral)","-- / 0","3 (Neutral)","-- / 0"
"2026/05/18 2:25:54 PM GMT+1","0.00 / 0","I voluntarily agree to participate in this study and understand that my responses are anonymous and will be used only for research purposes.","0.00 / 0","","5707C","-- / 0","","Computer Science / Software Engineering/ Computer Engineering","-- / 0","","Intermediate","-- / 0","","Basic","-- / 0","","Intermediate","-- / 0","","Yes, in personal/academic projects","-- / 0","","Debugging","0.00 / 0","","Execution","0.00 / 0","","Testing a single function in isolation from other components","0.00 / 0","","Testing interactions between components","0.00 / 0","","Black-box testing","0.00 / 0","","Designing tests based on internal code logic","0.00 / 0","","Verifying that login works correctly","0.00 / 0","","Regression testing","0.00 / 0","","assertEquals(2, sum(1,1))","0.00 / 0","","Investigate whether the failure is due to a bug in the code or the test","0.00 / 0","","The tests are not effective enough to detect the bug","0.00 / 0","","5 (Strongly agree)","0.00 / 0","5 (Strongly agree)","-- / 0","4","-- / 0","4","-- / 0"
"2026/05/18 2:26:31 PM GMT+1","0.00 / 0","I voluntarily agree to participate in this study and understand that my responses are anonymous and will be used only for research purposes.","0.00 / 0","","2701L","-- / 0","","Computer Science / Software Engineering/ Computer Engineering","-- / 0","","Intermediate","-- / 0","","Basic","-- / 0","","Basic","-- / 0","","No experience","-- / 0","","Development","0.00 / 0","","Testing","0.00 / 0","","Testing a single function in isolation from other components","0.00 / 0","","Testing interactions between components","0.00 / 0","","Black-box testing","0.00 / 0","","Designing tests based on internal code logic","0.00 / 0","","Checking system performance","0.00 / 0","","Mutation testing","0.00 / 0","","assertEquals(2, sum(1,1))","0.00 / 0","","Investigate whether the failure is due to a bug in the code or the test","0.00 / 0","","The tests are not effective enough to detect the bug","0.00 / 0","","3 (Neutral)","0.00 / 0","4","-- / 0","3 (Neutral)","-- / 0","4","-- / 0"
"2026/05/18 2:39:16 PM GMT+1","0.00 / 0","I voluntarily agree to participate in this study and understand that my responses are anonymous and will be used only for research purposes.","0.00 / 0","","7105P","-- / 0","","Computer Science / Software Engineering/ Computer Engineering","-- / 0","","Intermediate","-- / 0","","Basic","-- / 0","","Intermediate","-- / 0","","Yes, in coursework","-- / 0","","Testing","0.00 / 0","","Debugging","0.00 / 0","","Testing a single function in isolation from other components","0.00 / 0","","Testing interactions between components","0.00 / 0","","Black-box testing","0.00 / 0","","Designing tests based on internal code logic","0.00 / 0","","Verifying that login works correctly","0.00 / 0","","Mutation testing","0.00 / 0","","assertEquals(2, sum(1,1))","0.00 / 0","","Investigate whether the failure is due to a bug in the code or the test","0.00 / 0","","The tests are not effective enough to detect the bug","0.00 / 0","","4","0.00 / 0","4","-- / 0","5 (Strongly agree)","-- / 0","3 (Neutral)","-- / 0"
"2026/05/18 2:46:07 PM GMT+1","0.00 / 0","I voluntarily agree to participate in this study and understand that my responses are anonymous and will be used only for research purposes.","0.00 / 0","","8701S","-- / 0","","Computer Science / Software Engineering/ Computer Engineering","-- / 0","","Basic","-- / 0","","Basic","-- / 0","","Basic","-- / 0","","No experience","-- / 0","","Debugging","0.00 / 0","","Testing","0.00 / 0","","Testing a single function in isolation from other components","0.00 / 0","","Testing interactions between components","0.00 / 0","","Black-box testing","0.00 / 0","","Designing tests based on internal code logic","0.00 / 0","","Verifying that login works correctly","0.00 / 0","","Mutation testing","0.00 / 0","","assertEquals(2, sum(1,1))","0.00 / 0","","Investigate whether the failure is due to a bug in the code or the test","0.00 / 0","","The tests are not effective enough to detect the bug","0.00 / 0","","3 (Neutral)","0.00 / 0","3 (Neutral)","-- / 0","3 (Neutral)","-- / 0","2","-- / 0"
"2026/05/18 2:51:52 PM GMT+1","0.00 / 0","I voluntarily agree to participate in this study and understand that my responses are anonymous and will be used only for research purposes.","0.00 / 0","","6405C","-- / 0","","Computer Science / Software Engineering/ Computer Engineering","-- / 0","","Basic","-- / 0","","Basic","-- / 0","","Basic","-- / 0","","No experience","-- / 0","","Testing","0.00 / 0","","Debugging","0.00 / 0","","Testing a single function in isolation from other components","0.00 / 0","","Testing interactions between components","0.00 / 0","","Black-box testing","0.00 / 0","","Designing tests based on internal code logic","0.00 / 0","","Verifying that login works correctly","0.00 / 0","","Mutation testing","0.00 / 0","","assertEquals(1, sum(3,2))","0.00 / 0","","Investigate whether the failure is due to a bug in the code or the test","0.00 / 0","","The tests are not effective enough to detect the bug","0.00 / 0","","3 (Neutral)","0.00 / 0","3 (Neutral)","-- / 0","3 (Neutral)","-- / 0","3 (Neutral)","-- / 0"