"Timestamp","Total score","  Consent to Participate  ","  Consent to Participate   [Score]","  Consent to Participate   [Feedback]","Which session are you completing this post-session questionnaire for?  ","Which session are you completing this post-session questionnaire for?   [Score]","Which session are you completing this post-session questionnaire for?   [Feedback]","Please create a unique participant code using the following format:
  last 2 digits of phone number + birth month + first letter of mother's first name  
(e.g., 45 + 07 + C → 4507C )
Use the same code in all questionnaires.","Please create a unique participant code using the following format:
  last 2 digits of phone number + birth month + first letter of mother's first name  
(e.g., 45 + 07 + C → 4507C )
Use the same code in all questionnaires. [Score]","Please create a unique participant code using the following format:
  last 2 digits of phone number + birth month + first letter of mother's first name  
(e.g., 45 + 07 + C → 4507C )
Use the same code in all questionnaires. [Feedback]","1. A program is supposed to compute the sum of two numbers. For input (2, 3), it returns 6.
 
What are you doing when you notice this problem?  ","1. A program is supposed to compute the sum of two numbers. For input (2, 3), it returns 6.
 
What are you doing when you notice this problem?   [Score]","1. A program is supposed to compute the sum of two numbers. For input (2, 3), it returns 6.
 
What are you doing when you notice this problem?   [Feedback]","2. After detecting the issue, you inspect the code and find:  
 
return a + b + 1;
What are you doing now?","2. After detecting the issue, you inspect the code and find:  
 
return a + b + 1;
What are you doing now? [Score]","2. After detecting the issue, you inspect the code and find:  
 
return a + b + 1;
What are you doing now? [Feedback]","3. Which scenario represents unit testing?  ","3. Which scenario represents unit testing?   [Score]","3. Which scenario represents unit testing?   [Feedback]","4. Which scenario represents integration testing?  ","4. Which scenario represents integration testing?   [Score]","4. Which scenario represents integration testing?   [Feedback]","5. A tester checks an ATM by inserting a card and entering a PIN, without knowing how the system is implemented.
What type of testing is this?","5. A tester checks an ATM by inserting a card and entering a PIN, without knowing how the system is implemented.
What type of testing is this? [Score]","5. A tester checks an ATM by inserting a card and entering a PIN, without knowing how the system is implemented.
What type of testing is this? [Feedback]","6. Which activity represents white-box testing?  ","6. Which activity represents white-box testing?   [Score]","6. Which activity represents white-box testing?   [Feedback]","7. Which example represents functional testing?  ","7. Which example represents functional testing?   [Score]","7. Which example represents functional testing?   [Feedback]","8.A testing technique intentionally introduces faults into the code to check whether existing tests can detect them. 
What concept does this represent?","8.A testing technique intentionally introduces faults into the code to check whether existing tests can detect them. 
What concept does this represent? [Score]","8.A testing technique intentionally introduces faults into the code to check whether existing tests can detect them. 
What concept does this represent? [Feedback]","9. Consider the following code:
int sum(int a, int b) {
    return a - b;
}
Which valid test case is most effective at revealing the bug?","9. Consider the following code:
int sum(int a, int b) {
    return a - b;
}
Which valid test case is most effective at revealing the bug? [Score]","9. Consider the following code:
int sum(int a, int b) {
    return a - b;
}
Which valid test case is most effective at revealing the bug? [Feedback]","10. A test case fails after a recent code change. What is the most appropriate first step?","10. A test case fails after a recent code change. What is the most appropriate first step? [Score]","10. A test case fails after a recent code change. What is the most appropriate first step? [Feedback]","11.  If all tests pass but the system still contains a bug, what does it indicate?","11.  If all tests pass but the system still contains a bug, what does it indicate? [Score]","11.  If all tests pass but the system still contains a bug, what does it indicate? [Feedback]","12.  Please indicate your level of agreement with the following statements: [I understand the basic concepts of software testing and debugging]","12.  Please indicate your level of agreement with the following statements: [I understand the basic concepts of software testing and debugging] [Score]","12.  Please indicate your level of agreement with the following statements: [I can write a simple test case.]","12.  Please indicate your level of agreement with the following statements: [I can write a simple test case.] [Score]","12.  Please indicate your level of agreement with the following statements: [I can identify and debug software errors.]","12.  Please indicate your level of agreement with the following statements: [I can identify and debug software errors.] [Score]","12.  Please indicate your level of agreement with the following statements: [I feel confident analyzing test failures.]","12.  Please indicate your level of agreement with the following statements: [I feel confident analyzing test failures.] [Score]","13. Please indicate your level of agreement with the following statements: [The activity helped me understand testing vs debugging]","13. Please indicate your level of agreement with the following statements: [The activity helped me understand testing vs debugging] [Score]","13. Please indicate your level of agreement with the following statements: [The game improved my understanding of unit testing]","13. Please indicate your level of agreement with the following statements: [The game improved my understanding of unit testing] [Score]","13. Please indicate your level of agreement with the following statements: [I better understand how tests detect bugs]","13. Please indicate your level of agreement with the following statements: [I better understand how tests detect bugs] [Score]","13. Please indicate your level of agreement with the following statements: [The activity improved my overall understanding of basic testing concepts]","13. Please indicate your level of agreement with the following statements: [The activity improved my overall understanding of basic testing concepts] [Score]","14.  Please indicate your level of agreement with the following statements: [The activity was engaging]","14.  Please indicate your level of agreement with the following statements: [The activity was engaging] [Score]","14.  Please indicate your level of agreement with the following statements: [The game increased my motivation to learn]","14.  Please indicate your level of agreement with the following statements: [The game increased my motivation to learn] [Score]","14.  Please indicate your level of agreement with the following statements: [I prefer this approach over traditional lectures]","14.  Please indicate your level of agreement with the following statements: [I prefer this approach over traditional lectures] [Score]","15. Please indicate your level of agreement with the following statements: [The game was easy to use]","15. Please indicate your level of agreement with the following statements: [The game was easy to use] [Score]","15. Please indicate your level of agreement with the following statements: [The interface was clear and understandable]","15. Please indicate your level of agreement with the following statements: [The interface was clear and understandable] [Score]","15. Please indicate your level of agreement with the following statements: [The instructions were easy to follow]","15. Please indicate your level of agreement with the following statements: [The instructions were easy to follow] [Score]","16. Please indicate your level of agreement with the following statements: [The activity required significant mental effort]","16. Please indicate your level of agreement with the following statements: [The activity required significant mental effort] [Score]","16. Please indicate your level of agreement with the following statements: [I found some parts of the activity confusing]","16. Please indicate your level of agreement with the following statements: [I found some parts of the activity confusing] [Score]","16. Please indicate your level of agreement with the following statements: [The difficulty level was appropriate]","16. Please indicate your level of agreement with the following statements: [The difficulty level was appropriate] [Score]","17. What helped you the most in learning?  ","17. What helped you the most in learning?   [Score]","17. What helped you the most in learning?   [Feedback]","18. What was the most difficult part of the activity? ","18. What was the most difficult part of the activity?  [Score]","18. What was the most difficult part of the activity?  [Feedback]","19. What would you improve in this activity? ","19. What would you improve in this activity?  [Score]","19. What would you improve in this activity?  [Feedback]","20. Which concept did you find most difficult to understand, and why? ","20. Which concept did you find most difficult to understand, and why?  [Score]","20. Which concept did you find most difficult to understand, and why?  [Feedback]"
"2026/05/18 3:34:36 PM GMT+1","0.00 / 0","I voluntarily agree to participate in this study and understand that my responses are anonymous and will be used only for research purposes.","-- / 0","","Session 1","-- / 0","","6012L","-- / 0","","Testing","0.00 / 0","","Debugging","0.00 / 0","","Testing a single function in isolation from other components","0.00 / 0","","Testing interactions between components","0.00 / 0","","Black-box testing","0.00 / 0","","Designing tests based on internal code logic","0.00 / 0","","Verifying that login works correctly","0.00 / 0","","Mutation testing","0.00 / 0","","assertEquals(2, sum(1,1))","0.00 / 0","","Investigate whether the failure is due to a bug in the code or the test","0.00 / 0","","The tests are not effective enough to detect the bug","0.00 / 0","","5 (Strongly agree)","-- / 0","4","-- / 0","5 (Strongly agree)","-- / 0","4","-- / 0","4","-- / 0","5 (Strongly agree)","-- / 0","5 (Strongly agree)","-- / 0","5 (Strongly agree)","-- / 0","5 (Strongly agree)","-- / 0","5 (Strongly agree)","-- / 0","5 (Strongly agree)","-- / 0","5 (Strongly agree)","-- / 0","5 (Strongly agree)","-- / 0","5 (Strongly agree)","-- / 0","2","-- / 0","2","-- / 0","4","-- / 0","Interactive forms, i liked having a before and after form with the same questions to evaluate how much of the lecture i was able to comprehend","-- / 0","","Writing the URL","-- / 0","","Qr code to acess game page","-- / 0","","None in particular","-- / 0",""
"2026/05/18 3:35:05 PM GMT+1","0.00 / 0","I voluntarily agree to participate in this study and understand that my responses are anonymous and will be used only for research purposes.","-- / 0","","Session 1","-- / 0","","9709C","-- / 0","","Testing","0.00 / 0","","Debugging","0.00 / 0","","Testing a single function in isolation from other components","0.00 / 0","","Testing interactions between components","0.00 / 0","","Black-box testing","0.00 / 0","","Designing tests based on internal code logic","0.00 / 0","","Verifying that login works correctly","0.00 / 0","","Debugging","0.00 / 0","","assertEquals(2, sum(1,1))","0.00 / 0","","Investigate whether the failure is due to a bug in the code or the test","0.00 / 0","","The tests are not effective enough to detect the bug","0.00 / 0","","5 (Strongly agree)","-- / 0","5 (Strongly agree)","-- / 0","5 (Strongly agree)","-- / 0","5 (Strongly agree)","-- / 0","5 (Strongly agree)","-- / 0","5 (Strongly agree)","-- / 0","5 (Strongly agree)","-- / 0","4","-- / 0","3 (Neutral)","-- / 0","4","-- / 0","5 (Strongly agree)","-- / 0","3 (Neutral)","-- / 0","3 (Neutral)","-- / 0","2","-- / 0","1 (Strongly disagree)","-- / 0","4","-- / 0","5 (Strongly agree)","-- / 0","The code changing in real time demanding debugging","-- / 0","","Understanding how to use the functions on the test","-- / 0","","Initialize the class on the testing function right away","-- / 0","","None","-- / 0",""
"2026/05/18 3:38:29 PM GMT+1","0.00 / 0","I voluntarily agree to participate in this study and understand that my responses are anonymous and will be used only for research purposes.","-- / 0","","Session 1","-- / 0","","8701S","-- / 0","","Debugging","0.00 / 0","","Testing","0.00 / 0","","Testing a single function in isolation from other components","0.00 / 0","","Testing interactions between components","0.00 / 0","","Black-box testing","0.00 / 0","","Designing tests based on internal code logic","0.00 / 0","","Verifying that login works correctly","0.00 / 0","","Mutation testing","0.00 / 0","","assertEquals(2, sum(1,1))","0.00 / 0","","Investigate whether the failure is due to a bug in the code or the test","0.00 / 0","","The tests are not effective enough to detect the bug","0.00 / 0","","3 (Neutral)","-- / 0","3 (Neutral)","-- / 0","3 (Neutral)","-- / 0","3 (Neutral)","-- / 0","4","-- / 0","4","-- / 0","4","-- / 0","4","-- / 0","5 (Strongly agree)","-- / 0","5 (Strongly agree)","-- / 0","4","-- / 0","5 (Strongly agree)","-- / 0","5 (Strongly agree)","-- / 0","5 (Strongly agree)","-- / 0","2","-- / 0","2","-- / 0","5 (Strongly agree)","-- / 0","The information in the slides was clear and easy to understand.","-- / 0","","Starting up the game; mainly because my computer wasn't charging so it was a bit ""laggy"". Apart from that the game was great.","-- / 0","","Having this class in a classroom with outlets so i can charge my computer.","-- / 0","","I didn't find any concept that was mainly difficult to understand.","-- / 0",""
"2026/05/18 3:38:39 PM GMT+1","0.00 / 0","I voluntarily agree to participate in this study and understand that my responses are anonymous and will be used only for research purposes.","-- / 0","","Session 1","-- / 0","","7105P","-- / 0","","Testing","0.00 / 0","","Debugging","0.00 / 0","","Testing a single function in isolation from other components","0.00 / 0","","Testing interactions between components","0.00 / 0","","Black-box testing","0.00 / 0","","Designing tests based on internal code logic","0.00 / 0","","Verifying that login works correctly","0.00 / 0","","Mutation testing","0.00 / 0","","assertEquals(2, sum(1,1))","0.00 / 0","","Investigate whether the failure is due to a bug in the code or the test","0.00 / 0","","The tests are not effective enough to detect the bug","0.00 / 0","","4","-- / 0","4","-- / 0","5 (Strongly agree)","-- / 0","3 (Neutral)","-- / 0","4","-- / 0","4","-- / 0","4","-- / 0","4","-- / 0","4","-- / 0","4","-- / 0","5 (Strongly agree)","-- / 0","5 (Strongly agree)","-- / 0","5 (Strongly agree)","-- / 0","5 (Strongly agree)","-- / 0","3 (Neutral)","-- / 0","2","-- / 0","4","-- / 0","The gamification","-- / 0","","The initial understanding of how I should aproach the testing","-- / 0","","I would do this in a room with power outlets, so I could plug in the PC to charge, and that way the game would run more smoothly.","-- / 0","","Some of the assert functions, such as Throws and Null, because, even though the names are very clear, they are much straight to the point as others, like True or Equals.","-- / 0",""
"2026/05/18 3:40:12 PM GMT+1","0.00 / 0","I voluntarily agree to participate in this study and understand that my responses are anonymous and will be used only for research purposes.","-- / 0","","Session 1","-- / 0","","3112M","-- / 0","","Testing","0.00 / 0","","Debugging","0.00 / 0","","Testing a single function in isolation from other components","0.00 / 0","","Testing interactions between components","0.00 / 0","","Black-box testing","0.00 / 0","","Designing tests based on internal code logic","0.00 / 0","","Checking system performance","0.00 / 0","","Mutation testing","0.00 / 0","","assertEquals(2, sum(1,1))","0.00 / 0","","Investigate whether the failure is due to a bug in the code or the test","0.00 / 0","","The tests are not effective enough to detect the bug","0.00 / 0","","4","-- / 0","4","-- / 0","4","-- / 0","4","-- / 0","4","-- / 0","2","-- / 0","2","-- / 0","3 (Neutral)","-- / 0","3 (Neutral)","-- / 0","1 (Strongly disagree)","-- / 0","3 (Neutral)","-- / 0","5 (Strongly agree)","-- / 0","5 (Strongly agree)","-- / 0","5 (Strongly agree)","-- / 0","3 (Neutral)","-- / 0","2","-- / 0","4","-- / 0","The teacher","-- / 0","","Null","-- / 0","","Null","-- / 0","","Null","-- / 0",""
"2026/05/18 3:51:37 PM GMT+1","0.00 / 0","I voluntarily agree to participate in this study and understand that my responses are anonymous and will be used only for research purposes.","-- / 0","","Session 1","-- / 0","","4008A","-- / 0","","Debugging","0.00 / 0","","Debugging","0.00 / 0","","Testing a single function in isolation from other components","0.00 / 0","","Testing interactions between components","0.00 / 0","","Black-box testing","0.00 / 0","","Designing tests based on internal code logic","0.00 / 0","","Verifying that login works correctly","0.00 / 0","","Integration testing","0.00 / 0","","assertEquals(0, sum(0,0))","0.00 / 0","","Investigate whether the failure is due to a bug in the code or the test","0.00 / 0","","The tests are not effective enough to detect the bug","0.00 / 0","","3 (Neutral)","-- / 0","3 (Neutral)","-- / 0","4","-- / 0","4","-- / 0","4","-- / 0","3 (Neutral)","-- / 0","3 (Neutral)","-- / 0","4","-- / 0","4","-- / 0","3 (Neutral)","-- / 0","4","-- / 0","3 (Neutral)","-- / 0","2","-- / 0","3 (Neutral)","-- / 0","3 (Neutral)","-- / 0","4","-- / 0","3 (Neutral)","-- / 0","searching in the internet ","-- / 0","","Understand which errors were in the code ","-- / 0","","My hability of debugging","-- / 0","","Create the tests","-- / 0",""
"2026/05/18 3:51:39 PM GMT+1","0.00 / 0","I voluntarily agree to participate in this study and understand that my responses are anonymous and will be used only for research purposes.","-- / 0","","Session 1","-- / 0","","0209E","-- / 0","","Debugging","0.00 / 0","","Testing","0.00 / 0","","Testing a single function in isolation from other components","0.00 / 0","","Testing interactions between components","0.00 / 0","","White-box testing","0.00 / 0","","Testing only inputs and outputs","0.00 / 0","","Checking system performance","0.00 / 0","","Integration testing","0.00 / 0","","assertEquals(2, sum(1,1))","0.00 / 0","","Investigate whether the failure is due to a bug in the code or the test","0.00 / 0","","The tests are not effective enough to detect the bug","0.00 / 0","","3 (Neutral)","-- / 0","2","-- / 0","3 (Neutral)","-- / 0","2","-- / 0","4","-- / 0","4","-- / 0","3 (Neutral)","-- / 0","4","-- / 0","4","-- / 0","3 (Neutral)","-- / 0","1 (Strongly disagree)","-- / 0","3 (Neutral)","-- / 0","3 (Neutral)","-- / 0","3 (Neutral)","-- / 0","3 (Neutral)","-- / 0","3 (Neutral)","-- / 0","3 (Neutral)","-- / 0",".","-- / 0","",".","-- / 0","",".","-- / 0","",".","-- / 0",""
"2026/05/18 3:51:57 PM GMT+1","0.00 / 0","I voluntarily agree to participate in this study and understand that my responses are anonymous and will be used only for research purposes.","-- / 0","","Session 1","-- / 0","","2207M","-- / 0","","Testing","0.00 / 0","","Debugging","0.00 / 0","","Testing a single function in isolation from other components","0.00 / 0","","Testing interactions between components","0.00 / 0","","Black-box testing","0.00 / 0","","Designing tests based on internal code logic","0.00 / 0","","Verifying that login works correctly","0.00 / 0","","Mutation testing","0.00 / 0","","assertEquals(2, sum(1,1))","0.00 / 0","","Investigate whether the failure is due to a bug in the code or the test","0.00 / 0","","The tests are not effective enough to detect the bug","0.00 / 0","","3 (Neutral)","-- / 0","4","-- / 0","3 (Neutral)","-- / 0","4","-- / 0","4","-- / 0","4","-- / 0","4","-- / 0","4","-- / 0","4","-- / 0","4","-- / 0","4","-- / 0","4","-- / 0","4","-- / 0","4","-- / 0","5 (Strongly agree)","-- / 0","2","-- / 0","3 (Neutral)","-- / 0","The game and websearching","-- / 0","","Ending of the game","-- / 0","","Interactivity","-- / 0","","Test vs Debug","-- / 0",""
"2026/05/18 3:52:02 PM GMT+1","0.00 / 0","I voluntarily agree to participate in this study and understand that my responses are anonymous and will be used only for research purposes.","-- / 0","","Session 1","-- / 0","","7012M","-- / 0","","Compilation","0.00 / 0","","Debugging","0.00 / 0","","Testing a single function in isolation from other components","0.00 / 0","","Testing interactions between components","0.00 / 0","","Black-box testing","0.00 / 0","","Designing tests based on internal code logic","0.00 / 0","","Verifying that login works correctly","0.00 / 0","","Integration testing","0.00 / 0","","assertEquals(0, sum(0,0))","0.00 / 0","","Investigate whether the failure is due to a bug in the code or the test","0.00 / 0","","The tests are not effective enough to detect the bug","0.00 / 0","","3 (Neutral)","-- / 0","4","-- / 0","4","-- / 0","4","-- / 0","4","-- / 0","4","-- / 0","4","-- / 0","4","-- / 0","4","-- / 0","4","-- / 0","4","-- / 0","3 (Neutral)","-- / 0","3 (Neutral)","-- / 0","3 (Neutral)","-- / 0","4","-- / 0","4","-- / 0","4","-- / 0","the game ","-- / 0","","know where to start","-- / 0","","more instructions for the start ","-- / 0","","testing ","-- / 0",""
"2026/05/18 3:52:29 PM GMT+1","0.00 / 0","I voluntarily agree to participate in this study and understand that my responses are anonymous and will be used only for research purposes.","-- / 0","","Session 1","-- / 0","","4309A","-- / 0","","Testing","0.00 / 0","","Debugging","0.00 / 0","","Testing a single function in isolation from other components","0.00 / 0","","Testing interactions between components","0.00 / 0","","Black-box testing","0.00 / 0","","Designing tests based on internal code logic","0.00 / 0","","Testing security vulnerabilities","0.00 / 0","","Mutation testing","0.00 / 0","","assertEquals(2, sum(1,1))","0.00 / 0","","Investigate whether the failure is due to a bug in the code or the test","0.00 / 0","","The tests are not effective enough to detect the bug","0.00 / 0","","3 (Neutral)","-- / 0","4","-- / 0","3 (Neutral)","-- / 0","4","-- / 0","4","-- / 0","3 (Neutral)","-- / 0","4","-- / 0","4","-- / 0","4","-- / 0","4","-- / 0","5 (Strongly agree)","-- / 0","4","-- / 0","3 (Neutral)","-- / 0","4","-- / 0","4","-- / 0","4","-- / 0","3 (Neutral)","-- / 0","How we can create tests for the code functions, the side to side view was helpful","-- / 0","","Learn how to create the right tests ","-- / 0","","More direct on where to go, sometimes you have to search which is cool but maybe just put bigger marks on the objectives to let it stand out more","-- / 0","","None","-- / 0",""
"2026/05/18 3:52:44 PM GMT+1","0.00 / 0","I voluntarily agree to participate in this study and understand that my responses are anonymous and will be used only for research purposes.","-- / 0","","Session 1","-- / 0","","8305C","-- / 0","","Testing","0.00 / 0","","Debugging","0.00 / 0","","Testing a single function in isolation from other components","0.00 / 0","","Testing interactions between components","0.00 / 0","","Black-box testing","0.00 / 0","","Testing without code access","0.00 / 0","","Verifying that login works correctly","0.00 / 0","","Mutation testing","0.00 / 0","","assertEquals(2, sum(1,1))","0.00 / 0","","Investigate whether the failure is due to a bug in the code or the test","0.00 / 0","","The system is correct","0.00 / 0","","3 (Neutral)","-- / 0","3 (Neutral)","-- / 0","3 (Neutral)","-- / 0","3 (Neutral)","-- / 0","4","-- / 0","4","-- / 0","4","-- / 0","4","-- / 0","4","-- / 0","4","-- / 0","5 (Strongly agree)","-- / 0","4","-- / 0","4","-- / 0","4","-- / 0","3 (Neutral)","-- / 0","3 (Neutral)","-- / 0","3 (Neutral)","-- / 0","Knowing the are many ways to testing de software","-- / 0","","Understand the codes ","-- / 0","","Knowing some tools for testing","-- / 0","","Understand every code, because used the programming language that  I use less or never","-- / 0",""
"2026/05/18 3:53:03 PM GMT+1","0.00 / 0","I voluntarily agree to participate in this study and understand that my responses are anonymous and will be used only for research purposes.","-- / 0","","Session 1","-- / 0","","6405C","-- / 0","","Testing","0.00 / 0","","Debugging","0.00 / 0","","Testing a single function in isolation from other components","0.00 / 0","","Testing interactions between components","0.00 / 0","","Black-box testing","0.00 / 0","","Designing tests based on internal code logic","0.00 / 0","","Verifying that login works correctly","0.00 / 0","","Mutation testing","0.00 / 0","","assertEquals(1, sum(3,2))","0.00 / 0","","Investigate whether the failure is due to a bug in the code or the test","0.00 / 0","","The tests are not effective enough to detect the bug","0.00 / 0","","3 (Neutral)","-- / 0","3 (Neutral)","-- / 0","3 (Neutral)","-- / 0","3 (Neutral)","-- / 0","4","-- / 0","4","-- / 0","4","-- / 0","4","-- / 0","5 (Strongly agree)","-- / 0","4","-- / 0","4","-- / 0","5 (Strongly agree)","-- / 0","5 (Strongly agree)","-- / 0","5 (Strongly agree)","-- / 0","4","-- / 0","4","-- / 0","4","-- / 0","Researching how to resolve this kind of problem.","-- / 0","","The debugging part.","-- / 0","","More variety of cases to solve, puzzles and stuff related to coding.","-- / 0","","The debugging part.","-- / 0",""
"2026/05/18 3:53:30 PM GMT+1","0.00 / 0","I voluntarily agree to participate in this study and understand that my responses are anonymous and will be used only for research purposes.","-- / 0","","Session 1","-- / 0","","3011S","-- / 0","","Testing","0.00 / 0","","Debugging","0.00 / 0","","Testing a single function in isolation from other components","0.00 / 0","","Testing interactions between components","0.00 / 0","","Black-box testing","0.00 / 0","","Designing tests based on internal code logic","0.00 / 0","","Verifying that login works correctly","0.00 / 0","","Mutation testing","0.00 / 0","","assertEquals(2, sum(1,1))","0.00 / 0","","Investigate whether the failure is due to a bug in the code or the test","0.00 / 0","","The tests are not effective enough to detect the bug","0.00 / 0","","3 (Neutral)","-- / 0","4","-- / 0","2","-- / 0","2","-- / 0","4","-- / 0","5 (Strongly agree)","-- / 0","4","-- / 0","4","-- / 0","5 (Strongly agree)","-- / 0","5 (Strongly agree)","-- / 0","5 (Strongly agree)","-- / 0","5 (Strongly agree)","-- / 0","5 (Strongly agree)","-- / 0","5 (Strongly agree)","-- / 0","3 (Neutral)","-- / 0","2","-- / 0","4","-- / 0","foi uma coisa mais interativa , então ajudou ","-- / 0","","fazer os testes e debug","-- / 0","","nada","-- / 0","","perceber que testes fazer","-- / 0",""
"2026/05/18 3:53:37 PM GMT+1","0.00 / 0","I voluntarily agree to participate in this study and understand that my responses are anonymous and will be used only for research purposes.","-- / 0","","Session 1","-- / 0","","6002M","-- / 0","","Testing","0.00 / 0","","Debugging","0.00 / 0","","Testing a single function in isolation from other components","0.00 / 0","","Testing interactions between components","0.00 / 0","","Black-box testing","0.00 / 0","","Designing tests based on internal code logic","0.00 / 0","","Verifying that login works correctly","0.00 / 0","","Mutation testing","0.00 / 0","","assertEquals(2, sum(1,1))","0.00 / 0","","Investigate whether the failure is due to a bug in the code or the test","0.00 / 0","","The tests are not effective enough to detect the bug","0.00 / 0","","4","-- / 0","4","-- / 0","4","-- / 0","4","-- / 0","4","-- / 0","4","-- / 0","4","-- / 0","4","-- / 0","4","-- / 0","4","-- / 0","4","-- / 0","5 (Strongly agree)","-- / 0","5 (Strongly agree)","-- / 0","5 (Strongly agree)","-- / 0","4","-- / 0","4","-- / 0","4","-- / 0","Ser um jogo interativo","-- / 0","","Escrever os testes","-- / 0","","Nada","-- / 0","","Escrever alguns testes por não perceber logo o objetivo","-- / 0",""
"2026/05/18 3:53:48 PM GMT+1","0.00 / 0","I voluntarily agree to participate in this study and understand that my responses are anonymous and will be used only for research purposes.","-- / 0","","Session 1","-- / 0","","5512A","-- / 0","","Testing","0.00 / 0","","Debugging","0.00 / 0","","Testing a single function in isolation from other components","0.00 / 0","","Testing interactions between components","0.00 / 0","","Black-box testing","0.00 / 0","","Designing tests based on internal code logic","0.00 / 0","","Evaluating user interface design","0.00 / 0","","Mutation testing","0.00 / 0","","assertEquals(2, sum(1,1))","0.00 / 0","","Investigate whether the failure is due to a bug in the code or the test","0.00 / 0","","The tests are not effective enough to detect the bug","0.00 / 0","","4","-- / 0","5 (Strongly agree)","-- / 0","4","-- / 0","4","-- / 0","5 (Strongly agree)","-- / 0","4","-- / 0","4","-- / 0","4","-- / 0","4","-- / 0","4","-- / 0","5 (Strongly agree)","-- / 0","4","-- / 0","4","-- / 0","4","-- / 0","3 (Neutral)","-- / 0","2","-- / 0","4","-- / 0","The lesson before the game","-- / 0","","understanding the game in the first moments","-- / 0","","the game interaction","-- / 0","","diferent tips of tests","-- / 0",""
"2026/05/18 3:53:56 PM GMT+1","0.00 / 0","I voluntarily agree to participate in this study and understand that my responses are anonymous and will be used only for research purposes.","-- / 0","","Session 1","-- / 0","","2701L","-- / 0","","Development","0.00 / 0","","Testing","0.00 / 0","","Testing a single function in isolation from other components","0.00 / 0","","Testing a single function","0.00 / 0","","Black-box testing","0.00 / 0","","Designing tests based on internal code logic","0.00 / 0","","Checking system performance","0.00 / 0","","Mutation testing","0.00 / 0","","assertEquals(2, sum(1,1))","0.00 / 0","","Investigate whether the failure is due to a bug in the code or the test","0.00 / 0","","The tests are not effective enough to detect the bug","0.00 / 0","","3 (Neutral)","-- / 0","4","-- / 0","3 (Neutral)","-- / 0","4","-- / 0","4","-- / 0","4","-- / 0","4","-- / 0","3 (Neutral)","-- / 0","4","-- / 0","3 (Neutral)","-- / 0","3 (Neutral)","-- / 0","4","-- / 0","4","-- / 0","4","-- / 0","4","-- / 0","2","-- / 0","4","-- / 0","Playing the game and doing some research","-- / 0","","Making the code","-- / 0","","I think the duration of the game","-- / 0","","Doing a lot of testing during the levels","-- / 0",""
"2026/05/18 3:53:59 PM GMT+1","0.00 / 0","I voluntarily agree to participate in this study and understand that my responses are anonymous and will be used only for research purposes.","-- / 0","","Session 1","-- / 0","","0004L","-- / 0","","Testing","0.00 / 0","","Debugging","0.00 / 0","","Testing a single function in isolation from other components","0.00 / 0","","Testing interactions between components","0.00 / 0","","Black-box testing","0.00 / 0","","Testing only inputs and outputs","0.00 / 0","","Verifying that login works correctly","0.00 / 0","","Mutation testing","0.00 / 0","","assertEquals(2, sum(1,1))","0.00 / 0","","Investigate whether the failure is due to a bug in the code or the test","0.00 / 0","","The tests are not effective enough to detect the bug","0.00 / 0","","3 (Neutral)","-- / 0","3 (Neutral)","-- / 0","4","-- / 0","4","-- / 0","5 (Strongly agree)","-- / 0","5 (Strongly agree)","-- / 0","4","-- / 0","4","-- / 0","5 (Strongly agree)","-- / 0","5 (Strongly agree)","-- / 0","5 (Strongly agree)","-- / 0","5 (Strongly agree)","-- / 0","5 (Strongly agree)","-- / 0","5 (Strongly agree)","-- / 0","4","-- / 0","3 (Neutral)","-- / 0","4","-- / 0","A game is always a good way to learn and engage people to learn something they find hard ","-- / 0","","Creating tests, and get at least 50% so we can pass the level ","-- / 0","","Change the language to python :)","-- / 0","","Writing some new tests, because I never did it ","-- / 0",""
"2026/05/18 3:55:04 PM GMT+1","0.00 / 0","I voluntarily agree to participate in this study and understand that my responses are anonymous and will be used only for research purposes.","-- / 0","","Session 1","-- / 0","","5630M","-- / 0","","Testing","0.00 / 0","","Integration testing","0.00 / 0","","Testing a single function in isolation from other components","0.00 / 0","","Testing interactions between components","0.00 / 0","","Debugging","0.00 / 0","","Designing tests based on internal code logic","0.00 / 0","","Checking system performance","0.00 / 0","","Integration testing","0.00 / 0","","assertEquals(2, sum(1,1))","0.00 / 0","","Investigate whether the failure is due to a bug in the code or the test","0.00 / 0","","The tests are not effective enough to detect the bug","0.00 / 0","","3 (Neutral)","-- / 0","3 (Neutral)","-- / 0","3 (Neutral)","-- / 0","3 (Neutral)","-- / 0","3 (Neutral)","-- / 0","3 (Neutral)","-- / 0","3 (Neutral)","-- / 0","3 (Neutral)","-- / 0","3 (Neutral)","-- / 0","3 (Neutral)","-- / 0","3 (Neutral)","-- / 0","3 (Neutral)","-- / 0","3 (Neutral)","-- / 0","3 (Neutral)","-- / 0","3 (Neutral)","-- / 0","3 (Neutral)","-- / 0","3 (Neutral)","-- / 0","Learning how to build the tests ","-- / 0","","Maybe testing ","-- / 0","","The game ","-- / 0","","The white-box","-- / 0",""
"2026/05/18 3:56:49 PM GMT+1","0.00 / 0","I voluntarily agree to participate in this study and understand that my responses are anonymous and will be used only for research purposes.","-- / 0","","Session 1","-- / 0","","8012M ","-- / 0","","Debugging","0.00 / 0","","Testing","0.00 / 0","","Testing a single function in isolation from other components","0.00 / 0","","Testing interactions between components","0.00 / 0","","Black-box testing","0.00 / 0","","Designing tests based on internal code logic","0.00 / 0","","Evaluating user interface design","0.00 / 0","","Mutation testing","0.00 / 0","","assertEquals(2, sum(1,1))","0.00 / 0","","Investigate whether the failure is due to a bug in the code or the test","0.00 / 0","","The tests are not effective enough to detect the bug","0.00 / 0","","4","-- / 0","3 (Neutral)","-- / 0","4","-- / 0","4","-- / 0","5 (Strongly agree)","-- / 0","5 (Strongly agree)","-- / 0","5 (Strongly agree)","-- / 0","5 (Strongly agree)","-- / 0","5 (Strongly agree)","-- / 0","5 (Strongly agree)","-- / 0","5 (Strongly agree)","-- / 0","5 (Strongly agree)","-- / 0","5 (Strongly agree)","-- / 0","5 (Strongly agree)","-- / 0","3 (Neutral)","-- / 0","2","-- / 0","4","-- / 0","Learning how to build effective tests","-- / 0","","It was simple","-- / 0","","Introducing a more complex code to analyze and build tests ","-- / 0","","Understand what the assert functions do? The function throws and null","-- / 0",""
"2026/05/18 4:24:06 PM GMT+1","0.00 / 0","I voluntarily agree to participate in this study and understand that my responses are anonymous and will be used only for research purposes.","-- / 0","","Session 1","-- / 0","","2409A","-- / 0","","Debugging","0.00 / 0","","Debugging","0.00 / 0","","Testing a single function in isolation from other components","0.00 / 0","","Testing interactions between components","0.00 / 0","","Black-box testing","0.00 / 0","","Designing tests based on internal code logic","0.00 / 0","","Verifying that login works correctly","0.00 / 0","","Mutation testing","0.00 / 0","","assertEquals(2, sum(1,1))","0.00 / 0","","Investigate whether the failure is due to a bug in the code or the test","0.00 / 0","","The tests are not effective enough to detect the bug","0.00 / 0","","4","-- / 0","4","-- / 0","4","-- / 0","4","-- / 0","4","-- / 0","5 (Strongly agree)","-- / 0","4","-- / 0","4","-- / 0","4","-- / 0","3 (Neutral)","-- / 0","3 (Neutral)","-- / 0","5 (Strongly agree)","-- / 0","5 (Strongly agree)","-- / 0","5 (Strongly agree)","-- / 0","3 (Neutral)","-- / 0","3 (Neutral)","-- / 0","4","-- / 0","The structured levels made it easy to understand the concept of testing different components","-- / 0","","Programming without any AI assistance tool felt distant from what I'm used to. But with the use of some AI it felt much more easier to understand the code and it's purpose.","-- / 0","","Maybe try to add more explanation popups to “simulate” what would be an AI helping us. Even for easy code, we are used to ask everything. To improve the exercises, I think they would have to be designed with the AI assistants in mind. Explore cases where we have to work together with AI to analyse and correct it's first point of view or suggestions. Maybe two-sided cases to make us think and elaborate a solution instead of just ask AI for a direct one. ","-- / 0",""," ","-- / 0",""
"2026/05/18 4:38:17 PM GMT+1","0.00 / 0","I voluntarily agree to participate in this study and understand that my responses are anonymous and will be used only for research purposes.","-- / 0","","Session 1","-- / 0","","5707C","-- / 0","","Debugging","0.00 / 0","","Testing","0.00 / 0","","Testing a single function in isolation from other components","0.00 / 0","","Testing interactions between components","0.00 / 0","","Black-box testing","0.00 / 0","","Testing UI behavior","0.00 / 0","","Evaluating user interface design","0.00 / 0","","Regression testing","0.00 / 0","","assertEquals(2, sum(1,1))","0.00 / 0","","Investigate whether the failure is due to a bug in the code or the test","0.00 / 0","","The tests are not effective enough to detect the bug","0.00 / 0","","5 (Strongly agree)","-- / 0","5 (Strongly agree)","-- / 0","4","-- / 0","4","-- / 0","5 (Strongly agree)","-- / 0","5 (Strongly agree)","-- / 0","5 (Strongly agree)","-- / 0","5 (Strongly agree)","-- / 0","5 (Strongly agree)","-- / 0","5 (Strongly agree)","-- / 0","3 (Neutral)","-- / 0","5 (Strongly agree)","-- / 0","5 (Strongly agree)","-- / 0","5 (Strongly agree)","-- / 0","3 (Neutral)","-- / 0","3 (Neutral)","-- / 0","5 (Strongly agree)","-- / 0","Relembrar conceitos de teste. Relembrar a sintaxe do Java. Motivar a estudar mais essa área. ","-- / 0","","Sintaxe do Java. ","-- / 0","","Para cada caso, poderia haver um exemplo simples de teste já escrito para facilitar a escrita dos demais testes. Serveria como uma base de inspiração. ","-- / 0","","A lógica por trás de algumas funções, como entender a mistura para o combustível. Talvez seria interessante usar funções mais intuitivas, como a das plantas que era bem mais compreensível.","-- / 0",""